date,bread_cereals,dairy_eggs,drinks,fruit_nuts,household,meat,oils_fats,other_food,personal_care,sugar_sweets,tea_coffee,vegetables_pulses,food,overall
2026-09-11,100.0,100.0,100.0,100.0,100.0,100.0,100.0,100.0,100.0,100.0,100.0,100.0,100.0,100.0
2026-09-12,100.0,100.0,100.0,100.0,100.0,100.0,100.0,100.0,100.0,100.0,100.0,100.0,100.0,100.0
2026-09-13,100.0,100.0,100.0,100.0,100.0,100.0,100.0,100.0,100.0,100.0,100.0,100.0,100.0,100.0
2026-09-14,100.76,100.0,100.0,100.69,100.0,100.0,101.96,100.0,100.0,100.0,100.0,99.4,100.28,100.19
2026-09-15,100.76,100.0,100.0,100.69,100.0,101.98,101.96,100.0,100.0,100.0,100.0,93.41,99.88,99.92
2026-09-16,100.76,100.75,100.0,106.42,100.0,101.98,101.96,100.94,102.58,100.0,103.06,93.41,100.93,100.93
2026-09-17,100.76,100.75,100.0,106.42,107.14,101.98,101.96,100.94,102.58,100.0,104.99,93.41,101.12,102.59
2026-09-18,100.76,100.75,100.0,100.71,107.14,101.98,101.96,100.94,102.58,100.0,104.99,99.4,101.15,102.61
2026-09-19,101.14,100.75,100.0,100.71,107.14,101.98,101.96,100.94,102.58,100.0,108.2,99.4,101.51,102.85
2026-09-20,101.14,100.75,100.0,100.71,107.14,100.14,101.96,100.94,102.58,100.0,108.2,99.4,101.32,102.73
2026-09-21,101.14,100.75,100.0,100.71,107.14,101.98,101.96,100.94,102.58,101.68,108.2,99.4,101.68,102.96
2026-09-22,101.14,100.75,100.0,100.71,107.14,102.18,101.96,100.94,122.0,101.68,108.2,99.4,101.7,105.34
2026-09-23,101.14,101.27,100.0,108.74,107.14,102.18,102.99,104.44,122.0,101.68,110.23,99.4,103.21,106.34
2026-09-24,101.14,98.87,100.0,104.36,107.14,105.11,102.99,104.44,122.0,101.68,110.23,97.29,102.61,105.95
2026-09-25,101.14,98.87,101.77,100.96,107.14,101.54,102.99,108.14,122.0,101.68,101.64,89.75,100.85,104.78
2026-09-26,101.14,98.87,101.77,100.96,107.14,89.03,102.99,108.14,122.0,101.68,101.64,91.79,99.8,104.08
2026-09-27,101.14,98.87,101.77,100.96,107.14,89.03,102.99,108.14,122.0,101.68,101.64,91.79,99.8,104.08
2026-09-28,101.14,98.87,101.77,100.96,107.14,89.03,102.99,108.14,122.0,101.68,110.23,95.54,101.04,104.9
2026-09-29,101.14,98.87,101.77,100.96,107.14,89.03,102.99,108.14,122.0,101.68,110.23,95.54,101.04,104.9
2026-09-30,101.14,99.5,101.77,107.11,107.14,107.2,102.99,108.14,122.0,101.68,110.23,97.29,103.71,106.67
2026-10-01,101.81,100.22,101.77,107.11,107.14,107.2,102.99,108.14,122.0,101.68,110.23,97.29,103.84,106.76
2026-10-02,101.81,100.22,101.77,103.63,107.14,107.2,102.99,108.14,122.0,101.68,111.52,94.42,103.34,106.43
2026-10-03,101.81,100.22,101.77,103.63,107.14,107.2,102.99,108.14,122.0,101.68,111.52,94.42,103.34,106.43
2026-10-04,101.81,100.22,101.77,103.63,107.14,107.2,102.99,108.14,122.0,101.68,111.52,94.42,103.34,106.43
2026-10-05,101.81,100.22,101.77,103.63,107.14,107.2,102.99,108.14,122.0,101.68,111.52,99.03,103.8,106.73
2026-10-06,101.81,100.22,101.77,103.63,107.14,107.2,102.99,108.14,122.0,101.68,102.97,102.03,103.24,106.37
2026-10-07,103.9,100.22,101.77,108.16,108.06,107.2,102.99,108.14,122.0,101.68,102.97,99.28,103.63,106.82
2026-10-08,103.9,102.65,101.77,113.49,108.06,107.2,101.45,108.14,122.0,101.68,102.97,99.28,104.25,107.23
2026-10-09,103.9,102.65,101.77,108.16,108.06,107.2,101.45,108.14,122.0,102.44,102.97,99.28,103.8,106.93
