date,product_id,from_tl,to_tl,change_pct
2026-09-15,patates-kg,41.95,27.0,-35.64
2026-09-16,dis-macunu-signal-75ml,69.95,154.95,121.52
2026-09-16,portakal-kg,49.95,62.95,26.03
2026-09-16,sampuan-gliss-400ml,199.95,99.95,-50.01
2026-09-17,bulasik-deterjani-fairy-1350ml,169.95,239.95,41.19
2026-09-18,elma-gala-kg,73.5,49.95,-32.04
2026-09-18,patates-kg,27.0,41.95,55.37
2026-09-22,sampuan-gliss-400ml,99.95,199.95,100.05
2026-09-23,elma-gala-kg,49.95,79.95,60.06
2026-09-24,elma-gala-kg,79.95,59.95,-25.02
2026-09-25,kahve-mehmet-efendi-100g,1100.0,795.0,-27.73
2026-09-25,patates-kg,41.95,27.95,-33.37
2026-09-25,sogan-kuru-kg,36.95,24.75,-33.02
2026-09-26,domates-kg,41.95,52.5,25.15
2026-09-26,sucuk-cumhuriyet-kg,2199.0,999.0,-54.57
2026-09-28,kahve-mehmet-efendi-100g,795.0,1100.0,38.36
2026-09-28,sogan-kuru-kg,24.75,36.95,49.29
2026-09-30,patates-kg,27.95,41.95,50.09
2026-09-30,pilic-bonfile-banvit-kg,259.95,359.95,38.47
2026-09-30,portakal-kg,49.95,62.95,26.03
2026-09-30,sucuk-cumhuriyet-kg,999.0,2199.0,120.12
2026-10-05,sogan-kuru-kg,29.5,47.5,61.02
2026-10-06,domates-kg,38.95,52.5,34.79
2026-10-06,kahve-mehmet-efendi-100g,1100.0,799.5,-27.32
2026-10-07,portakal-kg,49.95,73.5,47.15
2026-10-08,elma-gala-kg,59.95,83.95,40.03
2026-10-09,elma-gala-kg,83.95,59.95,-28.59
