product_id,since_start_pct,last_7d_pct,latest_tl,name,store
dis-macunu-signal-75ml,121.52,0.0,154.95,Signal White System Diş Macunu 75 Ml,migros
pilic-bonfile-banvit-kg,50.01,0.0,359.95,Banvit Piliç Bonfile Kg,migros
portakal-kg,47.15,47.15,73.5,Portakal Kg,migros
bulasik-deterjani-fairy-1350ml,41.19,0.0,239.95,Fairy Sıvı Bulaşık Deterjanı Limon 1350 Ml,migros
salca-830g-a101,29.81,0.0,81.33,Çokça Domates Salçası 830 g,a101
salca-domates-migros-830g,23.24,0.0,83.07,Migros Domates Salçası 830 G,migros
seker-toz-migros-5kg,15.55,4.55,45.99,Migros Toz Şeker 5 Kg,migros
meyve-suyu-tamek-1l,15.06,0.0,115.0,Tamek %100 Karışık Meyve Suyu 1 Lt,migros
domates-kg,13.23,21.95,47.5,Domates Kg,migros
cay-caykur-tiryaki-1kg,12.82,0.0,439.95,Çaykur Tiryaki Çayı 1 Kg,migros
turk-kahvesi-100g-a101,12.82,0.0,1100.0,Kurukahveci Mehmet Efendi Türk Kahvesi 100 g,a101
bulgur-pilavlik-1kg-a101,11.76,11.76,38.0,Yöremce Pilavlık Bulgur 1 kg,a101
margarin-250g-a101,11.54,0.0,116.0,Vera Margarin Paket 250 g,a101
muz-yerli-kg,10.05,-8.3,115.5,Muz Yerli Kg,migros
un-2kg-a101,8.48,5.29,44.75,Söke Gelenek Buğday Unu 2 kg,a101
sogan-kuru-kg,8.12,35.42,39.95,Soğan Kuru (Yeni Mahsul) Kg,migros
cay-1kg-a101,7.71,0.0,419.0,Çaykur Tiryaki Siyah Çay 1 kg,a101
bulgur-reis-pilavlik-1kg,6.25,0.0,84.95,Reis Pilavlık Bulgur 1 Kg,migros
aycicek-yagi-migros-5l,6.21,-7.28,89.0,Migros Ayçiçek Yağı 5 L,migros
yogurt-1kg-a101,6.15,0.0,95.0,Torku Yarım Yağlı Yoğurt 1 kg,a101
yumurta-naturakoy-15li,5.88,0.0,179.95,Naturaköy Gezen 15'li Yumurta M Orta Boy (53-62) G,migros
pirinc-baldo-hasata-2kg,5.42,0.0,174.98,Hasata Gönen Baldo Pirinç 2 Kg,migros
peynir-beyaz-1kg-a101,5.28,0.0,279.0,Ahır Tam Yağlı Taze Beyaz Peynir 1 kg,a101
muz-a101,4.93,0.0,114.9,İthal Muz kg,a101
tuvalet-kagidi-32li-a101,4.37,4.37,239.0,Logi Tuvalet Kağıdı 3 Katlı 32'li,a101
yumurta-15li-a101,4.21,0.0,99.0,Yumurta L Boy 15'li,a101
portakal-a101,1.93,0.0,52.9,Portakal kg,a101
dana-kiyma-kg,1.15,0.0,879.95,Dana Kıymalık Kg,migros
bulasik-deterjani-1500ml-a101,0.0,0.0,159.33,Bingo Premium Lime Bulaşık Deterjanı 1500 ml,a101
bal-balparmak-850g,0.0,0.0,822.94,Balparmak Yayla ve Ova Çiçek Balı 850 G,migros
cikolata-sutlu-60g-a101,0.0,0.0,1150.0,Ülker Sütlü Çikolata 60 g,a101
ceviz-masterfarm-150g,0.0,0.0,1099.67,Master Farm Yerli Ceviz İçi 150 G,migros
ceviz-ici-150g-a101,0.0,0.0,726.67,Çerezya Ceviz İçi 150 g,a101
camasir-deterjani-mroxy-1480ml,0.0,0.0,129.95,Mr.Oxy Arap Sabunu Soda Katkılı Çamaşır Deterjanı Beyazlar 1.480 Ml,migros
camasir-deterjani-1500ml-a101,0.0,0.0,166.0,Omo Beyaz & Renkliler Sıvı Deterjan 1500 ml,a101
bal-850g-a101,0.0,0.0,234.12,Kozan Kooperatif Süzme Çiçek Balı 850 g,a101
kola-cocacola-zero-6x250ml,0.0,0.0,200.0,Coca-Cola Zero Sugar Kutu 6 x 250 Ml,migros
maden-suyu-6li-a101,0.0,0.0,49.58,Beypazarı Sade Maden Suyu 6x200 ml,a101
peynir-beyaz-ekici-kg,0.0,21.18,411.9,Ekici Beyaz Peynir Kg,migros
elma-gala-kg,0.0,0.0,59.95,Elma Gala Kg,migros
ekmek-sofra-adet,0.0,0.0,20.0,Sofra Ekmek Adet,migros
cikolata-ulker-sutlu-60g,0.0,0.0,1165.83,Ülker Bol Sütlü Kare Çikolata 60 G,migros
dis-macunu-75ml-a101,0.0,0.0,2000.0,Sensodyne Diş Macunu 75 ml,a101
dana-kiyma-1kg-a101,0.0,0.0,645.0,Ettat Dana Kıyma Dondurulmuş 1 kg,a101
domates-a101,0.0,0.0,49.5,Domates kg,a101
ekmek-200g-a101,0.0,0.0,80.0,Ekmek 200 g,a101
sucuk-cumhuriyet-kg,0.0,0.0,2199.0,Cumhuriyet Parmak Sucuk Kg,migros
sucuk-450g-a101,0.0,0.0,931.11,Torku Dana Kangal Sucuk 450 g,a101
su-hamidiye-5l,0.0,0.0,7.3,Hamidiye Kaynak Suyu Pet  5 L,migros
patates-kg,0.0,0.0,41.95,Patates Yeni Mahsul Kg,migros
patates-a101,0.0,0.0,35.9,Patates kg,a101
nohut-1kg-a101,0.0,0.0,62.5,Yöremce Yerli Koçbaşı Nohut 1 kg,a101
meyve-suyu-1l-a101,0.0,0.0,105.0,Dimes %100 Karışık Meyve Suyu 1 L,a101
pilic-bonfile-1kg-a101,0.0,0.0,179.0,Hastavuk Piliç Bonfile Dondurulmuş 1 kg,a101
mercimek-yesil-1kg-a101,0.0,0.0,67.5,Yöremce Yeşil Mercimek 1 kg,a101
maden-suyu-kizilay-6x200ml,0.0,0.0,55.58,Kızılay Erzincan Doğal Maden Suyu 6 x 200 Ml,migros
karabiber-75g-a101,0.0,0.0,766.67,Diyar Baharat Karabiber 75 g,a101
karabiber-knorr-60g,0.0,0.0,1999.17,Knorr Baharat Serisi Karabiber 60 G,migros
kola-zero-6li-a101,0.0,0.0,183.33,Coca-Cola Zero 6x250 ml,a101
sampuan-400ml-a101,0.0,0.0,547.5,Elidor Onarıcı Şampuan 400 ml,a101
sampuan-gliss-400ml,0.0,0.0,199.95,Gliss Full Hair Wonder Şampuan 400 Ml,migros
pirinc-baldo-1kg-a101,0.0,0.0,87.0,Ovadan Baldo Pirinç 1 kg,a101
tuz-750g-a101,0.0,0.0,50.0,Billur İyotlu Tuz 750 g,a101
tuvalet-kagidi-familia-32li,0.0,0.0,489.95,Familia Plus Natural Tuvalet Kağıdı 32'li,migros
tereyagi-1kg-a101,0.0,0.0,499.0,Milkten Tereyağı 1 kg,a101
su-5l-a101,0.0,0.0,7.2,Su 5 L,a101
sogan-a101,0.0,0.0,35.9,Soğan kg,a101
seker-5kg-a101,0.0,0.0,43.8,Petek Toz Şeker 5 kg,a101
sut-pinar-1l-a101,0.0,0.0,65.0,Pınar %1 Yağlı Süt 1 L,a101
sut-sek-1l,0.0,0.0,99.95,Sek Yeni Nesil Pastörize Günlük Süt 1 L,migros
un-soke-2kg,0.0,0.0,49.98,Söke Un 2 Kg,migros
tuz-billur-750g,0.0,0.0,51.33,Billur Tuz Rafine İyotlu Sofra Tuzu 750 G,migros
yogurt-sutas-1kg,0.0,0.0,129.95,Sütaş Tava Yoğurt 1000 G,migros
tereyagi-migros-1kg,0.0,0.0,479.0,Migros Tereyağı 1 Kg,migros
zeytinyagi-1l-a101,0.0,0.0,299.0,Yudum Egemden Riviera Zeytinyağı 1 L,a101
nohut-reis-1kg,-5.8,0.0,194.95,Reis Koçbaşı Nohut 1 Kg,migros
kahve-mehmet-efendi-100g,-18.0,-27.32,799.5,Kurukahveci Mehmet Efendi Türk Kahvesi 100 G,migros
mercimek-yesil-migros-1kg,-19.34,0.0,54.0,Migros Yerli Yeşil Mercimek 1 Kg,migros
