date,a101,migros
2026-09-13,100.0,100.0
2026-09-14,100.16,100.38
2026-09-15,100.16,99.62
2026-09-16,100.34,101.4
2026-09-17,100.34,101.8
2026-09-18,100.34,101.93
2026-09-19,101.04,101.93
2026-09-20,101.04,101.55
2026-09-21,101.04,102.26
2026-09-22,101.04,102.3
2026-09-23,102.86,103.4
2026-09-24,102.86,102.33
2026-09-25,102.86,99.02
2026-09-26,102.86,97.0
2026-09-27,102.86,97.0
2026-09-28,102.86,99.36
2026-09-29,102.86,99.36
2026-09-30,102.99,104.35
2026-10-01,102.99,104.62
2026-10-02,102.99,103.71
2026-10-03,102.99,103.71
2026-10-04,102.99,103.71
2026-10-05,102.99,104.6
2026-10-06,102.99,103.54
2026-10-07,103.41,103.8
2026-10-08,103.41,104.89
2026-10-09,103.41,104.05
